SystemTime { tv_sec: 1668861635, tv_nsec: 403744722 }, 17, 17, 0, 0
SystemTime { tv_sec: 1668861638, tv_nsec: 427772893 }, 18, 18, 0, 0
SystemTime { tv_sec: 1668861641, tv_nsec: 691651164 }, 19, 19, 0, 0
SystemTime { tv_sec: 1668861644, tv_nsec: 990327049 }, 20, 20, 0, 0
SystemTime { tv_sec: 1668861648, tv_nsec: 214832220 }, 21, 21, 0, 0
SystemTime { tv_sec: 1668861651, tv_nsec: 306483484 }, 22, 22, 0, 0
SystemTime { tv_sec: 1668861654, tv_nsec: 586556119 }, 23, 23, 0, 0
SystemTime { tv_sec: 1668861657, tv_nsec: 794483320 }, 24, 24, 0, 0
SystemTime { tv_sec: 1668861660, tv_nsec: 911014589 }, 25, 25, 0, 0
SystemTime { tv_sec: 1668861664, tv_nsec: 41081217 }, 26, 26, 0, 0
SystemTime { tv_sec: 1668861667, tv_nsec: 382937560 }, 27, 27, 0, 0
SystemTime { tv_sec: 1668861670, tv_nsec: 514664004 }, 28, 28, 0, 0
SystemTime { tv_sec: 1668861673, tv_nsec: 767996470 }, 29, 29, 0, 0
SystemTime { tv_sec: 1668861677, tv_nsec: 21335297 }, 30, 30, 0, 0
SystemTime { tv_sec: 1668861680, tv_nsec: 135368607 }, 31, 31, 16, 0
SystemTime { tv_sec: 1668861683, tv_nsec: 441216598 }, 32, 32, 16, 0
SystemTime { tv_sec: 1668861688, tv_nsec: 261637409 }, 33, 33, 16, 0
SystemTime { tv_sec: 1668861691, tv_nsec: 74074600 }, 34, 34, 16, 0
SystemTime { tv_sec: 1668861694, tv_nsec: 221785481 }, 35, 35, 16, 0
SystemTime { tv_sec: 1668861697, tv_nsec: 350631602 }, 36, 36, 16, 0
SystemTime { tv_sec: 1668861700, tv_nsec: 553473465 }, 37, 37, 16, 0
SystemTime { tv_sec: 1668861703, tv_nsec: 755268593 }, 38, 38, 16, 0
SystemTime { tv_sec: 1668861707, tv_nsec: 75771166 }, 39, 39, 16, 0
SystemTime { tv_sec: 1668861710, tv_nsec: 77274393 }, 40, 40, 16, 0
SystemTime { tv_sec: 1668861713, tv_nsec: 404811474 }, 41, 41, 16, 0
SystemTime { tv_sec: 1668861716, tv_nsec: 511061172 }, 42, 42, 16, 0
SystemTime { tv_sec: 1668861719, tv_nsec: 841120640 }, 43, 43, 16, 0
SystemTime { tv_sec: 1668861722, tv_nsec: 926287027 }, 44, 44, 16, 0
SystemTime { tv_sec: 1668861726, tv_nsec: 135289894 }, 45, 45, 16, 0
SystemTime { tv_sec: 1668861729, tv_nsec: 355507264 }, 46, 46, 16, 0
SystemTime { tv_sec: 1668861731, tv_nsec: 439167939 }, 47, 47, 32, 0
SystemTime { tv_sec: 1668861737, tv_nsec: 53086752 }, 48, 48, 32, 0
SystemTime { tv_sec: 1668861739, tv_nsec: 237425465 }, 49, 49, 32, 0
SystemTime { tv_sec: 1668861742, tv_nsec: 261363510 }, 50, 50, 32, 0
SystemTime { tv_sec: 1668861745, tv_nsec: 430057301 }, 51, 51, 32, 0
SystemTime { tv_sec: 1668861748, tv_nsec: 527116480 }, 52, 52, 32, 0
SystemTime { tv_sec: 1668861751, tv_nsec: 840439371 }, 53, 53, 32, 0
SystemTime { tv_sec: 1668861754, tv_nsec: 943548250 }, 54, 54, 32, 0
SystemTime { tv_sec: 1668861758, tv_nsec: 172637055 }, 55, 55, 32, 0
SystemTime { tv_sec: 1668861761, tv_nsec: 365109360 }, 56, 56, 32, 0
SystemTime { tv_sec: 1668861764, tv_nsec: 647736887 }, 57, 57, 32, 0
SystemTime { tv_sec: 1668861767, tv_nsec: 647933548 }, 58, 58, 32, 0
SystemTime { tv_sec: 1668861770, tv_nsec: 891620522 }, 59, 59, 32, 0
SystemTime { tv_sec: 1668861774, tv_nsec: 184513264 }, 60, 60, 32, 0
SystemTime { tv_sec: 1668861777, tv_nsec: 292809101 }, 61, 61, 32, 0
SystemTime { tv_sec: 1668861780, tv_nsec: 597515919 }, 62, 62, 32, 0
SystemTime { tv_sec: 1668861782, tv_nsec: 569090284 }, 63, 63, 48, 0
SystemTime { tv_sec: 1668861788, tv_nsec: 473133192 }, 64, 64, 48, 0
SystemTime { tv_sec: 1668861790, tv_nsec: 509566548 }, 65, 65, 48, 0
SystemTime { tv_sec: 1668861794, tv_nsec: 99995115 }, 66, 66, 48, 0
SystemTime { tv_sec: 1668861797, tv_nsec: 189401323 }, 67, 67, 48, 0
SystemTime { tv_sec: 1668861799, tv_nsec: 663565265 }, 68, 68, 48, 0
SystemTime { tv_sec: 1668861802, tv_nsec: 839658048 }, 69, 69, 48, 0
SystemTime { tv_sec: 1668861806, tv_nsec: 180783425 }, 70, 70, 48, 0
SystemTime { tv_sec: 1668861809, tv_nsec: 284694909 }, 71, 71, 48, 0
SystemTime { tv_sec: 1668861812, tv_nsec: 490723351 }, 72, 72, 48, 0
SystemTime { tv_sec: 1668861815, tv_nsec: 834968682 }, 73, 73, 48, 0
SystemTime { tv_sec: 1668861818, tv_nsec: 870990046 }, 74, 74, 48, 0
SystemTime { tv_sec: 1668861822, tv_nsec: 125336272 }, 75, 75, 48, 0
SystemTime { tv_sec: 1668861825, tv_nsec: 314956553 }, 76, 76, 48, 0
SystemTime { tv_sec: 1668861828, tv_nsec: 543905070 }, 77, 77, 48, 0
SystemTime { tv_sec: 1668861831, tv_nsec: 785307241 }, 78, 78, 48, 0
SystemTime { tv_sec: 1668861833, tv_nsec: 818041415 }, 79, 79, 64, 0
SystemTime { tv_sec: 1668861839, tv_nsec: 365661485 }, 80, 80, 64, 0
SystemTime { tv_sec: 1668861841, tv_nsec: 793458784 }, 81, 81, 64, 0
SystemTime { tv_sec: 1668861844, tv_nsec: 865649315 }, 82, 82, 64, 0
SystemTime { tv_sec: 1668861847, tv_nsec: 836820972 }, 83, 83, 64, 0
SystemTime { tv_sec: 1668861850, tv_nsec: 791264410 }, 84, 84, 64, 0
SystemTime { tv_sec: 1668861854, tv_nsec: 90031361 }, 85, 85, 64, 0
SystemTime { tv_sec: 1668861857, tv_nsec: 236208531 }, 86, 86, 64, 0
SystemTime { tv_sec: 1668861860, tv_nsec: 541144253 }, 87, 87, 64, 0
SystemTime { tv_sec: 1668861863, tv_nsec: 696684394 }, 88, 88, 64, 0
SystemTime { tv_sec: 1668861866, tv_nsec: 966538595 }, 89, 89, 64, 0
SystemTime { tv_sec: 1668861870, tv_nsec: 110952308 }, 90, 90, 64, 0
SystemTime { tv_sec: 1668861873, tv_nsec: 226801054 }, 91, 91, 64, 0
SystemTime { tv_sec: 1668861876, tv_nsec: 535576946 }, 92, 92, 64, 0
SystemTime { tv_sec: 1668861879, tv_nsec: 703106529 }, 93, 93, 64, 0
SystemTime { tv_sec: 1668861882, tv_nsec: 861379069 }, 94, 94, 64, 0
SystemTime { tv_sec: 1668861884, tv_nsec: 956808144 }, 95, 95, 80, 0
SystemTime { tv_sec: 1668861890, tv_nsec: 855568342 }, 96, 96, 80, 0
SystemTime { tv_sec: 1668861892, tv_nsec: 922462102 }, 97, 97, 80, 0
SystemTime { tv_sec: 1668861895, tv_nsec: 803116622 }, 98, 98, 80, 0
SystemTime { tv_sec: 1668861898, tv_nsec: 934523131 }, 99, 99, 80, 0
SystemTime { tv_sec: 1668861902, tv_nsec: 40235746 }, 100, 100, 80, 0
SystemTime { tv_sec: 1668861905, tv_nsec: 317544228 }, 101, 101, 80, 0
SystemTime { tv_sec: 1668861908, tv_nsec: 606190135 }, 102, 102, 80, 0
SystemTime { tv_sec: 1668861911, tv_nsec: 807800358 }, 103, 103, 80, 0
SystemTime { tv_sec: 1668861915, tv_nsec: 6937108 }, 104, 104, 80, 0
SystemTime { tv_sec: 1668861918, tv_nsec: 173029190 }, 105, 105, 80, 0
SystemTime { tv_sec: 1668861921, tv_nsec: 406472990 }, 106, 106, 80, 0
SystemTime { tv_sec: 1668861924, tv_nsec: 591727500 }, 107, 107, 80, 0
SystemTime { tv_sec: 1668861927, tv_nsec: 717366211 }, 108, 108, 80, 0
SystemTime { tv_sec: 1668861930, tv_nsec: 963431787 }, 109, 109, 80, 0
SystemTime { tv_sec: 1668861934, tv_nsec: 153312886 }, 110, 110, 80, 0
SystemTime { tv_sec: 1668861936, tv_nsec: 104562866 }, 111, 111, 96, 0
SystemTime { tv_sec: 1668861941, tv_nsec: 783880047 }, 112, 112, 96, 0
SystemTime { tv_sec: 1668861943, tv_nsec: 972938368 }, 113, 113, 96, 0
SystemTime { tv_sec: 1668861947, tv_nsec: 46544230 }, 114, 114, 96, 0
SystemTime { tv_sec: 1668861950, tv_nsec: 99751598 }, 115, 115, 96, 0
SystemTime { tv_sec: 1668861953, tv_nsec: 314466563 }, 116, 116, 96, 0
SystemTime { tv_sec: 1668861956, tv_nsec: 580956771 }, 117, 117, 96, 0
SystemTime { tv_sec: 1668861959, tv_nsec: 787649380 }, 118, 118, 96, 0
SystemTime { tv_sec: 1668861962, tv_nsec: 986081303 }, 119, 119, 96, 0
SystemTime { tv_sec: 1668861966, tv_nsec: 144127235 }, 120, 120, 96, 0
SystemTime { tv_sec: 1668861969, tv_nsec: 224049711 }, 121, 121, 96, 0
SystemTime { tv_sec: 1668861972, tv_nsec: 480043795 }, 122, 122, 96, 0
SystemTime { tv_sec: 1668861975, tv_nsec: 616033419 }, 123, 123, 96, 0
SystemTime { tv_sec: 1668861979, tv_nsec: 1059615 }, 124, 124, 96, 0
SystemTime { tv_sec: 1668861982, tv_nsec: 191994802 }, 125, 125, 96, 0
SystemTime { tv_sec: 1668861985, tv_nsec: 383393191 }, 126, 126, 96, 0
SystemTime { tv_sec: 1668861987, tv_nsec: 301514612 }, 127, 127, 112, 0
SystemTime { tv_sec: 1668861993, tv_nsec: 31380277 }, 128, 128, 112, 0
SystemTime { tv_sec: 1668861995, tv_nsec: 468635570 }, 129, 129, 112, 0
SystemTime { tv_sec: 1668861998, tv_nsec: 325672947 }, 130, 130, 112, 0
SystemTime { tv_sec: 1668862001, tv_nsec: 303312590 }, 131, 131, 112, 0
SystemTime { tv_sec: 1668862004, tv_nsec: 481640561 }, 132, 132, 112, 0
SystemTime { tv_sec: 1668862007, tv_nsec: 634786517 }, 133, 133, 112, 0
SystemTime { tv_sec: 1668862010, tv_nsec: 822612596 }, 134, 134, 112, 0
SystemTime { tv_sec: 1668862014, tv_nsec: 150554922 }, 135, 135, 112, 0
SystemTime { tv_sec: 1668862017, tv_nsec: 306230563 }, 136, 136, 112, 0
SystemTime { tv_sec: 1668862020, tv_nsec: 449193799 }, 137, 137, 112, 0
SystemTime { tv_sec: 1668862023, tv_nsec: 722658308 }, 138, 138, 112, 0
SystemTime { tv_sec: 1668862026, tv_nsec: 840842555 }, 139, 139, 112, 0
SystemTime { tv_sec: 1668862030, tv_nsec: 113889651 }, 140, 140, 112, 0
SystemTime { tv_sec: 1668862033, tv_nsec: 337897942 }, 141, 141, 112, 0
SystemTime { tv_sec: 1668862036, tv_nsec: 507040049 }, 142, 142, 112, 0
SystemTime { tv_sec: 1668862038, tv_nsec: 613376326 }, 143, 143, 128, 0
SystemTime { tv_sec: 1668862044, tv_nsec: 39720901 }, 144, 144, 128, 0
SystemTime { tv_sec: 1668862046, tv_nsec: 564666925 }, 145, 145, 128, 0
SystemTime { tv_sec: 1668862049, tv_nsec: 591717151 }, 146, 146, 128, 0
SystemTime { tv_sec: 1668862053, tv_nsec: 59703723 }, 147, 147, 128, 0
SystemTime { tv_sec: 1668862055, tv_nsec: 637950707 }, 148, 148, 128, 0
SystemTime { tv_sec: 1668862058, tv_nsec: 857704005 }, 149, 149, 128, 0
SystemTime { tv_sec: 1668862062, tv_nsec: 53117290 }, 150, 150, 128, 0
SystemTime { tv_sec: 1668862065, tv_nsec: 248470136 }, 151, 151, 128, 0
SystemTime { tv_sec: 1668862068, tv_nsec: 427429489 }, 152, 152, 128, 0
SystemTime { tv_sec: 1668862071, tv_nsec: 614327068 }, 153, 153, 128, 0
SystemTime { tv_sec: 1668862074, tv_nsec: 837581277 }, 154, 154, 128, 0
SystemTime { tv_sec: 1668862078, tv_nsec: 29856112 }, 155, 155, 128, 0
SystemTime { tv_sec: 1668862081, tv_nsec: 254119312 }, 156, 156, 128, 0
SystemTime { tv_sec: 1668862084, tv_nsec: 579082588 }, 157, 157, 128, 0
SystemTime { tv_sec: 1668862087, tv_nsec: 665732868 }, 158, 158, 128, 0
SystemTime { tv_sec: 1668862089, tv_nsec: 701882542 }, 159, 159, 144, 0
SystemTime { tv_sec: 1668862095, tv_nsec: 706188730 }, 160, 160, 144, 0
SystemTime { tv_sec: 1668862097, tv_nsec: 649710351 }, 161, 161, 144, 0
SystemTime { tv_sec: 1668862100, tv_nsec: 857662848 }, 162, 162, 144, 0
SystemTime { tv_sec: 1668862103, tv_nsec: 753571337 }, 163, 163, 144, 0
SystemTime { tv_sec: 1668862106, tv_nsec: 797320412 }, 164, 164, 144, 0
SystemTime { tv_sec: 1668862110, tv_nsec: 244800607 }, 165, 165, 144, 0
SystemTime { tv_sec: 1668862113, tv_nsec: 276070234 }, 166, 166, 144, 0
SystemTime { tv_sec: 1668862116, tv_nsec: 463574917 }, 167, 167, 144, 0
SystemTime { tv_sec: 1668862119, tv_nsec: 676862586 }, 168, 168, 144, 0
SystemTime { tv_sec: 1668862122, tv_nsec: 823606092 }, 169, 169, 144, 0
SystemTime { tv_sec: 1668862126, tv_nsec: 47980375 }, 170, 170, 144, 0
SystemTime { tv_sec: 1668862129, tv_nsec: 372237366 }, 171, 171, 144, 0
SystemTime { tv_sec: 1668862132, tv_nsec: 453713940 }, 172, 172, 144, 0
SystemTime { tv_sec: 1668862135, tv_nsec: 742409705 }, 173, 173, 144, 0
SystemTime { tv_sec: 1668862138, tv_nsec: 894062169 }, 174, 174, 144, 0
SystemTime { tv_sec: 1668862141, tv_nsec: 15080366 }, 175, 143, 144, 32
SystemTime { tv_sec: 1668862146, tv_nsec: 587127794 }, 176, 144, 144, 32
SystemTime { tv_sec: 1668862148, tv_nsec: 908325978 }, 177, 145, 144, 32
SystemTime { tv_sec: 1668862151, tv_nsec: 817919981 }, 178, 146, 144, 32
SystemTime { tv_sec: 1668862155, tv_nsec: 379689822 }, 179, 147, 144, 32
SystemTime { tv_sec: 1668862158, tv_nsec: 96003313 }, 180, 148, 144, 32
SystemTime { tv_sec: 1668862161, tv_nsec: 238062497 }, 181, 149, 144, 32
SystemTime { tv_sec: 1668862164, tv_nsec: 451875956 }, 182, 150, 144, 32
SystemTime { tv_sec: 1668862167, tv_nsec: 831662392 }, 183, 151, 144, 32
SystemTime { tv_sec: 1668862170, tv_nsec: 915121614 }, 184, 152, 144, 32
SystemTime { tv_sec: 1668862174, tv_nsec: 54423482 }, 185, 153, 144, 32
SystemTime { tv_sec: 1668862177, tv_nsec: 376166338 }, 186, 154, 144, 32
SystemTime { tv_sec: 1668862180, tv_nsec: 541606264 }, 187, 155, 144, 32
SystemTime { tv_sec: 1668862183, tv_nsec: 679751289 }, 188, 156, 144, 32
SystemTime { tv_sec: 1668862186, tv_nsec: 792150074 }, 189, 157, 144, 32
SystemTime { tv_sec: 1668862190, tv_nsec: 60588850 }, 190, 158, 144, 32
SystemTime { tv_sec: 1668862192, tv_nsec: 231741082 }, 191, 159, 144, 32
SystemTime { tv_sec: 1668862197, tv_nsec: 847457974 }, 192, 160, 144, 32
SystemTime { tv_sec: 1668862200, tv_nsec: 135347453 }, 193, 161, 144, 32
SystemTime { tv_sec: 1668862203, tv_nsec: 148617193 }, 194, 162, 144, 32
SystemTime { tv_sec: 1668862206, tv_nsec: 78605685 }, 195, 163, 144, 32
SystemTime { tv_sec: 1668862209, tv_nsec: 216353126 }, 196, 164, 144, 32
SystemTime { tv_sec: 1668862212, tv_nsec: 538350692 }, 197, 165, 144, 32
SystemTime { tv_sec: 1668862215, tv_nsec: 701238609 }, 198, 166, 144, 32
SystemTime { tv_sec: 1668862218, tv_nsec: 945376072 }, 199, 167, 144, 32
SystemTime { tv_sec: 1668862222, tv_nsec: 121955136 }, 200, 168, 144, 32
SystemTime { tv_sec: 1668862225, tv_nsec: 219917330 }, 201, 169, 144, 32
SystemTime { tv_sec: 1668862228, tv_nsec: 483642950 }, 202, 170, 144, 32
SystemTime { tv_sec: 1668862231, tv_nsec: 690132649 }, 203, 171, 144, 32
SystemTime { tv_sec: 1668862234, tv_nsec: 859100801 }, 204, 172, 144, 32
SystemTime { tv_sec: 1668862238, tv_nsec: 200286772 }, 205, 173, 144, 32
SystemTime { tv_sec: 1668862241, tv_nsec: 350414216 }, 206, 174, 144, 32
SystemTime { tv_sec: 1668862243, tv_nsec: 358262459 }, 207, 175, 160, 32
SystemTime { tv_sec: 1668862248, tv_nsec: 891973516 }, 208, 176, 160, 32
SystemTime { tv_sec: 1668862251, tv_nsec: 566828112 }, 209, 177, 160, 32
SystemTime { tv_sec: 1668862254, tv_nsec: 501617556 }, 210, 178, 160, 32
SystemTime { tv_sec: 1668862257, tv_nsec: 411275746 }, 211, 179, 160, 32
SystemTime { tv_sec: 1668862260, tv_nsec: 388963746 }, 212, 180, 160, 32
SystemTime { tv_sec: 1668862263, tv_nsec: 644247581 }, 213, 181, 160, 32
SystemTime { tv_sec: 1668862266, tv_nsec: 844882866 }, 214, 182, 160, 32
SystemTime { tv_sec: 1668862270, tv_nsec: 93901761 }, 215, 183, 160, 32
SystemTime { tv_sec: 1668862273, tv_nsec: 313474156 }, 216, 184, 160, 32
SystemTime { tv_sec: 1668862276, tv_nsec: 531290407 }, 217, 185, 160, 32
SystemTime { tv_sec: 1668862279, tv_nsec: 637800248 }, 218, 186, 160, 32
SystemTime { tv_sec: 1668862282, tv_nsec: 966764212 }, 219, 187, 160, 32
SystemTime { tv_sec: 1668862286, tv_nsec: 84527117 }, 220, 188, 160, 32
SystemTime { tv_sec: 1668862289, tv_nsec: 265856588 }, 221, 189, 160, 32
SystemTime { tv_sec: 1668862292, tv_nsec: 547672542 }, 222, 190, 160, 32
SystemTime { tv_sec: 1668862294, tv_nsec: 484159916 }, 223, 191, 176, 32
SystemTime { tv_sec: 1668862300, tv_nsec: 219548088 }, 224, 192, 176, 32
SystemTime { tv_sec: 1668862302, tv_nsec: 434433476 }, 225, 193, 176, 32
SystemTime { tv_sec: 1668862305, tv_nsec: 438655622 }, 226, 194, 176, 32
SystemTime { tv_sec: 1668862309, tv_nsec: 132658882 }, 227, 195, 176, 32
SystemTime { tv_sec: 1668862311, tv_nsec: 654600752 }, 228, 196, 176, 32
SystemTime { tv_sec: 1668862314, tv_nsec: 831851859 }, 229, 197, 176, 32
SystemTime { tv_sec: 1668862318, tv_nsec: 28824486 }, 230, 198, 176, 32
SystemTime { tv_sec: 1668862321, tv_nsec: 358958958 }, 231, 199, 176, 32
SystemTime { tv_sec: 1668862327, tv_nsec: 696421386 }, 232, 200, 176, 32
SystemTime { tv_sec: 1668862330, tv_nsec: 880117441 }, 233, 201, 176, 32
SystemTime { tv_sec: 1668862334, tv_nsec: 946130 }, 234, 202, 176, 32
SystemTime { tv_sec: 1668862337, tv_nsec: 221581851 }, 235, 203, 176, 32
SystemTime { tv_sec: 1668862340, tv_nsec: 471064681 }, 236, 204, 176, 32
SystemTime { tv_sec: 1668862343, tv_nsec: 781679185 }, 237, 205, 176, 32
SystemTime { tv_sec: 1668862345, tv_nsec: 698543218 }, 238, 206, 176, 32
SystemTime { tv_sec: 1668862351, tv_nsec: 475761838 }, 239, 207, 192, 32
SystemTime { tv_sec: 1668862353, tv_nsec: 547956901 }, 240, 208, 192, 32
SystemTime { tv_sec: 1668862356, tv_nsec: 672132971 }, 241, 209, 192, 32
SystemTime { tv_sec: 1668862359, tv_nsec: 990243985 }, 242, 210, 192, 32
SystemTime { tv_sec: 1668862362, tv_nsec: 852605718 }, 243, 211, 192, 32
SystemTime { tv_sec: 1668862365, tv_nsec: 982755714 }, 244, 212, 192, 32
SystemTime { tv_sec: 1668862369, tv_nsec: 295660908 }, 245, 213, 192, 32
SystemTime { tv_sec: 1668862372, tv_nsec: 570808873 }, 246, 214, 192, 32
SystemTime { tv_sec: 1668862375, tv_nsec: 740971265 }, 247, 215, 192, 32
SystemTime { tv_sec: 1668862378, tv_nsec: 867321804 }, 248, 216, 192, 32
SystemTime { tv_sec: 1668862382, tv_nsec: 141527052 }, 249, 217, 192, 32
SystemTime { tv_sec: 1668862385, tv_nsec: 197371092 }, 250, 218, 192, 32
SystemTime { tv_sec: 1668862388, tv_nsec: 448681989 }, 251, 219, 192, 32
SystemTime { tv_sec: 1668862391, tv_nsec: 569780115 }, 252, 220, 192, 32
SystemTime { tv_sec: 1668862394, tv_nsec: 915352044 }, 253, 221, 192, 32
SystemTime { tv_sec: 1668862396, tv_nsec: 881407904 }, 254, 222, 192, 32
SystemTime { tv_sec: 1668862402, tv_nsec: 358592070 }, 255, 223, 208, 32
SystemTime { tv_sec: 1668862404, tv_nsec: 713383955 }, 256, 224, 208, 32
SystemTime { tv_sec: 1668862407, tv_nsec: 769726844 }, 257, 225, 208, 32
SystemTime { tv_sec: 1668862410, tv_nsec: 900446652 }, 258, 226, 208, 32
SystemTime { tv_sec: 1668862414, tv_nsec: 48657388 }, 259, 227, 208, 32
SystemTime { tv_sec: 1668862417, tv_nsec: 206425553 }, 260, 228, 208, 32
SystemTime { tv_sec: 1668862420, tv_nsec: 554205271 }, 261, 229, 208, 32
SystemTime { tv_sec: 1668862423, tv_nsec: 718407774 }, 262, 230, 208, 32
SystemTime { tv_sec: 1668862426, tv_nsec: 847635964 }, 263, 231, 208, 32
SystemTime { tv_sec: 1668862430, tv_nsec: 123642664 }, 264, 232, 208, 32
SystemTime { tv_sec: 1668862433, tv_nsec: 226008147 }, 265, 233, 208, 32
SystemTime { tv_sec: 1668862436, tv_nsec: 381832700 }, 266, 234, 208, 32
SystemTime { tv_sec: 1668862439, tv_nsec: 745129757 }, 267, 235, 208, 32
SystemTime { tv_sec: 1668862442, tv_nsec: 880327727 }, 268, 236, 208, 32
SystemTime { tv_sec: 1668862446, tv_nsec: 181984160 }, 269, 237, 208, 32
SystemTime { tv_sec: 1668862448, tv_nsec: 99838781 }, 270, 238, 208, 32
SystemTime { tv_sec: 1668862453, tv_nsec: 624017803 }, 271, 239, 224, 32
SystemTime { tv_sec: 1668862456, tv_nsec: 218708149 }, 272, 240, 224, 32
SystemTime { tv_sec: 1668862459, tv_nsec: 149574318 }, 273, 241, 224, 32
SystemTime { tv_sec: 1668862462, tv_nsec: 55695527 }, 274, 242, 224, 32
SystemTime { tv_sec: 1668862465, tv_nsec: 205403626 }, 275, 243, 224, 32
SystemTime { tv_sec: 1668862468, tv_nsec: 588747310 }, 276, 244, 224, 32
SystemTime { tv_sec: 1668862471, tv_nsec: 742434907 }, 277, 245, 224, 32
SystemTime { tv_sec: 1668862474, tv_nsec: 952957557 }, 278, 246, 224, 32
SystemTime { tv_sec: 1668862478, tv_nsec: 186007746 }, 279, 247, 224, 32
SystemTime { tv_sec: 1668862481, tv_nsec: 306678244 }, 280, 248, 224, 32
SystemTime { tv_sec: 1668862484, tv_nsec: 410975924 }, 281, 249, 224, 32
SystemTime { tv_sec: 1668862487, tv_nsec: 614685283 }, 282, 250, 224, 32
SystemTime { tv_sec: 1668862490, tv_nsec: 971683084 }, 283, 251, 224, 32
SystemTime { tv_sec: 1668862494, tv_nsec: 63664274 }, 284, 252, 224, 32
SystemTime { tv_sec: 1668862497, tv_nsec: 284812721 }, 285, 253, 224, 32
SystemTime { tv_sec: 1668862499, tv_nsec: 396950524 }, 286, 254, 224, 32
SystemTime { tv_sec: 1668862504, tv_nsec: 858900394 }, 287, 255, 240, 32
SystemTime { tv_sec: 1668862507, tv_nsec: 234170574 }, 288, 256, 240, 32
SystemTime { tv_sec: 1668862510, tv_nsec: 302190780 }, 289, 257, 240, 32
SystemTime { tv_sec: 1668862513, tv_nsec: 252055971 }, 290, 258, 240, 32
SystemTime { tv_sec: 1668862516, tv_nsec: 428985172 }, 291, 259, 240, 32
SystemTime { tv_sec: 1668862519, tv_nsec: 648610738 }, 292, 260, 240, 32
SystemTime { tv_sec: 1668862522, tv_nsec: 947725961 }, 293, 261, 240, 32
SystemTime { tv_sec: 1668862526, tv_nsec: 132877313 }, 294, 262, 240, 32
SystemTime { tv_sec: 1668862529, tv_nsec: 259193855 }, 295, 263, 240, 32
SystemTime { tv_sec: 1668862532, tv_nsec: 475033353 }, 296, 264, 240, 32
SystemTime { tv_sec: 1668862535, tv_nsec: 712118196 }, 297, 265, 240, 32
SystemTime { tv_sec: 1668862538, tv_nsec: 821262197 }, 298, 266, 240, 32
SystemTime { tv_sec: 1668862542, tv_nsec: 44410219 }, 299, 267, 240, 32
SystemTime { tv_sec: 1668862545, tv_nsec: 228927253 }, 300, 268, 240, 32
SystemTime { tv_sec: 1668862548, tv_nsec: 401792718 }, 301, 269, 240, 32
SystemTime { tv_sec: 1668862550, tv_nsec: 608729978 }, 302, 270, 240, 32
SystemTime { tv_sec: 1668862556, tv_nsec: 255685029 }, 303, 271, 256, 32
SystemTime { tv_sec: 1668862558, tv_nsec: 577166563 }, 304, 272, 256, 32
SystemTime { tv_sec: 1668862561, tv_nsec: 568657276 }, 305, 273, 256, 32
SystemTime { tv_sec: 1668862564, tv_nsec: 437347484 }, 306, 274, 256, 32
SystemTime { tv_sec: 1668862567, tv_nsec: 598515356 }, 307, 275, 256, 32
SystemTime { tv_sec: 1668862570, tv_nsec: 872523230 }, 308, 276, 256, 32
SystemTime { tv_sec: 1668862574, tv_nsec: 176822385 }, 309, 277, 256, 32
SystemTime { tv_sec: 1668862577, tv_nsec: 260188123 }, 310, 278, 256, 32
SystemTime { tv_sec: 1668862580, tv_nsec: 579449930 }, 311, 279, 256, 32
SystemTime { tv_sec: 1668862583, tv_nsec: 792017713 }, 312, 280, 256, 32
SystemTime { tv_sec: 1668862586, tv_nsec: 851153183 }, 313, 281, 256, 32
SystemTime { tv_sec: 1668862590, tv_nsec: 141701534 }, 314, 282, 256, 32
SystemTime { tv_sec: 1668862593, tv_nsec: 224026978 }, 315, 283, 256, 32
SystemTime { tv_sec: 1668862596, tv_nsec: 363878194 }, 316, 284, 256, 32
SystemTime { tv_sec: 1668862599, tv_nsec: 739827381 }, 317, 285, 256, 32
SystemTime { tv_sec: 1668862601, tv_nsec: 707826485 }, 318, 286, 256, 32
SystemTime { tv_sec: 1668862607, tv_nsec: 318374718 }, 319, 287, 272, 32
SystemTime { tv_sec: 1668862609, tv_nsec: 614859778 }, 320, 288, 272, 32
SystemTime { tv_sec: 1668862612, tv_nsec: 722295239 }, 321, 289, 272, 32
SystemTime { tv_sec: 1668862615, tv_nsec: 922413855 }, 322, 290, 272, 32
SystemTime { tv_sec: 1668862618, tv_nsec: 853085433 }, 323, 291, 272, 32
SystemTime { tv_sec: 1668862622, tv_nsec: 14531847 }, 324, 292, 272, 32
SystemTime { tv_sec: 1668862625, tv_nsec: 340338889 }, 325, 293, 272, 32
SystemTime { tv_sec: 1668862628, tv_nsec: 506537283 }, 326, 294, 272, 32
SystemTime { tv_sec: 1668862631, tv_nsec: 659865888 }, 327, 295, 272, 32
SystemTime { tv_sec: 1668862634, tv_nsec: 902135237 }, 328, 296, 272, 32
SystemTime { tv_sec: 1668862638, tv_nsec: 116257434 }, 329, 297, 272, 32
SystemTime { tv_sec: 1668862641, tv_nsec: 362511984 }, 330, 298, 272, 32
SystemTime { tv_sec: 1668862644, tv_nsec: 419718630 }, 331, 299, 272, 32
SystemTime { tv_sec: 1668862647, tv_nsec: 571125676 }, 332, 300, 272, 32
SystemTime { tv_sec: 1668862650, tv_nsec: 768725073 }, 333, 301, 272, 32
SystemTime { tv_sec: 1668862652, tv_nsec: 889196383 }, 334, 302, 272, 32
SystemTime { tv_sec: 1668862658, tv_nsec: 402361812 }, 335, 303, 288, 32
SystemTime { tv_sec: 1668862660, tv_nsec: 785482015 }, 336, 304, 288, 32
SystemTime { tv_sec: 1668862663, tv_nsec: 819610027 }, 337, 305, 288, 32
SystemTime { tv_sec: 1668862667, tv_nsec: 14418289 }, 338, 306, 288, 32
SystemTime { tv_sec: 1668862670, tv_nsec: 81037221 }, 339, 307, 288, 32
SystemTime { tv_sec: 1668862673, tv_nsec: 214160361 }, 340, 308, 288, 32
SystemTime { tv_sec: 1668862676, tv_nsec: 446763133 }, 341, 309, 288, 32
SystemTime { tv_sec: 1668862679, tv_nsec: 664389823 }, 342, 310, 288, 32
SystemTime { tv_sec: 1668862682, tv_nsec: 806596030 }, 343, 311, 288, 32
SystemTime { tv_sec: 1668862686, tv_nsec: 60859517 }, 344, 312, 288, 32
SystemTime { tv_sec: 1668862689, tv_nsec: 251233942 }, 345, 313, 288, 32
SystemTime { tv_sec: 1668862692, tv_nsec: 507670034 }, 346, 314, 288, 32
SystemTime { tv_sec: 1668862695, tv_nsec: 630138418 }, 347, 315, 288, 32
SystemTime { tv_sec: 1668862698, tv_nsec: 911188372 }, 348, 316, 288, 32
SystemTime { tv_sec: 1668862702, tv_nsec: 9419255 }, 349, 317, 288, 32
SystemTime { tv_sec: 1668862704, tv_nsec: 208747780 }, 350, 318, 288, 32
SystemTime { tv_sec: 1668862709, tv_nsec: 793153255 }, 351, 319, 304, 32
SystemTime { tv_sec: 1668862711, tv_nsec: 971541737 }, 352, 320, 304, 32
SystemTime { tv_sec: 1668862715, tv_nsec: 157180405 }, 353, 321, 304, 32
SystemTime { tv_sec: 1668862718, tv_nsec: 241117695 }, 354, 322, 304, 32
SystemTime { tv_sec: 1668862721, tv_nsec: 275370345 }, 355, 323, 304, 32
SystemTime { tv_sec: 1668862724, tv_nsec: 447044434 }, 356, 324, 304, 32
SystemTime { tv_sec: 1668862727, tv_nsec: 806982283 }, 357, 325, 304, 32
SystemTime { tv_sec: 1668862730, tv_nsec: 948912410 }, 358, 326, 304, 32
SystemTime { tv_sec: 1668862734, tv_nsec: 158627904 }, 359, 327, 304, 32
SystemTime { tv_sec: 1668862737, tv_nsec: 292750283 }, 360, 328, 304, 32
SystemTime { tv_sec: 1668862740, tv_nsec: 490663966 }, 361, 329, 304, 32
SystemTime { tv_sec: 1668862743, tv_nsec: 677316772 }, 362, 330, 304, 32
SystemTime { tv_sec: 1668862746, tv_nsec: 920331582 }, 363, 331, 304, 32
SystemTime { tv_sec: 1668862749, tv_nsec: 991606544 }, 364, 332, 304, 32
SystemTime { tv_sec: 1668862753, tv_nsec: 226646685 }, 365, 333, 304, 32
SystemTime { tv_sec: 1668862755, tv_nsec: 417719630 }, 366, 334, 304, 32
SystemTime { tv_sec: 1668862760, tv_nsec: 907982923 }, 367, 335, 320, 32
SystemTime { tv_sec: 1668862763, tv_nsec: 319565536 }, 368, 336, 320, 32
SystemTime { tv_sec: 1668862766, tv_nsec: 192342704 }, 369, 337, 320, 32
SystemTime { tv_sec: 1668862769, tv_nsec: 287711843 }, 370, 338, 320, 32
SystemTime { tv_sec: 1668862772, tv_nsec: 527277187 }, 371, 339, 320, 32
SystemTime { tv_sec: 1668862775, tv_nsec: 637324964 }, 372, 340, 320, 32
SystemTime { tv_sec: 1668862778, tv_nsec: 926086589 }, 373, 341, 320, 32
SystemTime { tv_sec: 1668862782, tv_nsec: 173512766 }, 374, 342, 320, 32
SystemTime { tv_sec: 1668862785, tv_nsec: 268581796 }, 375, 343, 320, 32
SystemTime { tv_sec: 1668862788, tv_nsec: 439939712 }, 376, 344, 320, 32
SystemTime { tv_sec: 1668862791, tv_nsec: 599062603 }, 377, 345, 320, 32
SystemTime { tv_sec: 1668862794, tv_nsec: 874533645 }, 378, 318, 320, 32
SystemTime { tv_sec: 1668862798, tv_nsec: 19931268 }, 379, 318, 320, 32
SystemTime { tv_sec: 1668862801, tv_nsec: 205846405 }, 380, 318, 320, 32
SystemTime { tv_sec: 1668862804, tv_nsec: 435279385 }, 381, 318, 320, 32
SystemTime { tv_sec: 1668862806, tv_nsec: 621089956 }, 382, 318, 320, 32
SystemTime { tv_sec: 1668862812, tv_nsec: 138998654 }, 383, 318, 320, 64
SystemTime { tv_sec: 1668862814, tv_nsec: 695813075 }, 384, 319, 320, 64
SystemTime { tv_sec: 1668862817, tv_nsec: 669553223 }, 385, 320, 320, 64
SystemTime { tv_sec: 1668862820, tv_nsec: 718724039 }, 386, 321, 320, 64
SystemTime { tv_sec: 1668862823, tv_nsec: 591520844 }, 387, 322, 320, 64
SystemTime { tv_sec: 1668862826, tv_nsec: 821556104 }, 388, 323, 320, 64
SystemTime { tv_sec: 1668862830, tv_nsec: 22179956 }, 389, 324, 320, 64
SystemTime { tv_sec: 1668862833, tv_nsec: 288531516 }, 390, 325, 320, 64
SystemTime { tv_sec: 1668862836, tv_nsec: 666362974 }, 391, 326, 320, 64
SystemTime { tv_sec: 1668862839, tv_nsec: 745713108 }, 392, 327, 320, 64
SystemTime { tv_sec: 1668862842, tv_nsec: 829255008 }, 393, 328, 320, 64
SystemTime { tv_sec: 1668862846, tv_nsec: 81237716 }, 394, 329, 320, 64
SystemTime { tv_sec: 1668862849, tv_nsec: 309566279 }, 395, 330, 320, 64
SystemTime { tv_sec: 1668862852, tv_nsec: 412306623 }, 396, 331, 320, 64
SystemTime { tv_sec: 1668862855, tv_nsec: 674051389 }, 397, 332, 320, 64
SystemTime { tv_sec: 1668862857, tv_nsec: 678043267 }, 398, 333, 320, 64
SystemTime { tv_sec: 1668862863, tv_nsec: 302911451 }, 399, 334, 320, 64
SystemTime { tv_sec: 1668862865, tv_nsec: 673404715 }, 400, 335, 320, 64
SystemTime { tv_sec: 1668862868, tv_nsec: 742372642 }, 401, 336, 320, 64
SystemTime { tv_sec: 1668862871, tv_nsec: 922161891 }, 402, 337, 320, 64
SystemTime { tv_sec: 1668862874, tv_nsec: 844435539 }, 403, 338, 320, 64
SystemTime { tv_sec: 1668862878, tv_nsec: 11768389 }, 404, 339, 320, 64
SystemTime { tv_sec: 1668862881, tv_nsec: 248872273 }, 405, 340, 320, 64
SystemTime { tv_sec: 1668862884, tv_nsec: 608673579 }, 406, 341, 320, 64
SystemTime { tv_sec: 1668862887, tv_nsec: 603837075 }, 407, 342, 320, 64
SystemTime { tv_sec: 1668862890, tv_nsec: 956023374 }, 408, 343, 320, 64
SystemTime { tv_sec: 1668862894, tv_nsec: 83383358 }, 409, 344, 320, 64
SystemTime { tv_sec: 1668862897, tv_nsec: 215834740 }, 410, 345, 320, 64
SystemTime { tv_sec: 1668862900, tv_nsec: 487326960 }, 411, 346, 320, 64
SystemTime { tv_sec: 1668862903, tv_nsec: 594740056 }, 412, 347, 320, 64
SystemTime { tv_sec: 1668862906, tv_nsec: 879891524 }, 413, 348, 320, 64
SystemTime { tv_sec: 1668862908, tv_nsec: 899747591 }, 414, 349, 320, 64
SystemTime { tv_sec: 1668862914, tv_nsec: 679444948 }, 415, 350, 336, 64
SystemTime { tv_sec: 1668862916, tv_nsec: 909169206 }, 416, 351, 336, 64
SystemTime { tv_sec: 1668862919, tv_nsec: 877335468 }, 417, 352, 336, 64
SystemTime { tv_sec: 1668862923, tv_nsec: 635184728 }, 418, 353, 336, 64
SystemTime { tv_sec: 1668862926, tv_nsec: 2578592 }, 419, 354, 336, 64
SystemTime { tv_sec: 1668862929, tv_nsec: 363080233 }, 420, 355, 336, 64
SystemTime { tv_sec: 1668862932, tv_nsec: 398364811 }, 421, 356, 336, 64
SystemTime { tv_sec: 1668862935, tv_nsec: 794148063 }, 422, 357, 336, 64
SystemTime { tv_sec: 1668862938, tv_nsec: 831413391 }, 423, 358, 336, 64
SystemTime { tv_sec: 1668862942, tv_nsec: 174722511 }, 424, 359, 336, 64
SystemTime { tv_sec: 1668862945, tv_nsec: 222731060 }, 425, 360, 336, 64
SystemTime { tv_sec: 1668862948, tv_nsec: 474480642 }, 426, 361, 336, 64
SystemTime { tv_sec: 1668862951, tv_nsec: 668508031 }, 427, 362, 336, 64
SystemTime { tv_sec: 1668862954, tv_nsec: 836774265 }, 428, 363, 336, 64
SystemTime { tv_sec: 1668862958, tv_nsec: 119363599 }, 429, 364, 336, 64
SystemTime { tv_sec: 1668862960, tv_nsec: 101439427 }, 430, 365, 336, 64
SystemTime { tv_sec: 1668862965, tv_nsec: 829338514 }, 431, 366, 352, 64
SystemTime { tv_sec: 1668862968, tv_nsec: 28095279 }, 432, 367, 352, 64
SystemTime { tv_sec: 1668862971, tv_nsec: 75697849 }, 433, 368, 352, 64
SystemTime { tv_sec: 1668862974, tv_nsec: 112531003 }, 434, 369, 352, 64
SystemTime { tv_sec: 1668862977, tv_nsec: 303669117 }, 435, 370, 352, 64
SystemTime { tv_sec: 1668862980, tv_nsec: 537073474 }, 436, 371, 352, 64
SystemTime { tv_sec: 1668862983, tv_nsec: 649092395 }, 437, 372, 352, 64
SystemTime { tv_sec: 1668862986, tv_nsec: 947078903 }, 438, 373, 352, 64
SystemTime { tv_sec: 1668862990, tv_nsec: 102551307 }, 439, 374, 352, 64
SystemTime { tv_sec: 1668862993, tv_nsec: 375080755 }, 440, 375, 352, 64
SystemTime { tv_sec: 1668862996, tv_nsec: 414314789 }, 441, 376, 352, 64
SystemTime { tv_sec: 1668862999, tv_nsec: 601312200 }, 442, 377, 352, 64
SystemTime { tv_sec: 1668863002, tv_nsec: 990954197 }, 443, 378, 352, 64
SystemTime { tv_sec: 1668863006, tv_nsec: 163637031 }, 444, 379, 352, 64
SystemTime { tv_sec: 1668863009, tv_nsec: 290756586 }, 445, 380, 352, 64
SystemTime { tv_sec: 1668863011, tv_nsec: 290409031 }, 446, 381, 352, 64
SystemTime { tv_sec: 1668863017, tv_nsec: 196733961 }, 447, 382, 368, 64
SystemTime { tv_sec: 1668863019, tv_nsec: 443068700 }, 448, 383, 368, 64
SystemTime { tv_sec: 1668863022, tv_nsec: 305653611 }, 449, 384, 368, 64
SystemTime { tv_sec: 1668863025, tv_nsec: 252598481 }, 450, 385, 368, 64
SystemTime { tv_sec: 1668863028, tv_nsec: 472852982 }, 451, 386, 368, 64
SystemTime { tv_sec: 1668863031, tv_nsec: 713314505 }, 452, 387, 368, 64
SystemTime { tv_sec: 1668863034, tv_nsec: 933984156 }, 453, 388, 368, 64
SystemTime { tv_sec: 1668863038, tv_nsec: 64580296 }, 454, 389, 368, 64
SystemTime { tv_sec: 1668863041, tv_nsec: 375795354 }, 455, 390, 368, 64
SystemTime { tv_sec: 1668863044, tv_nsec: 565257530 }, 456, 391, 368, 64
SystemTime { tv_sec: 1668863047, tv_nsec: 625553343 }, 457, 392, 368, 64
SystemTime { tv_sec: 1668863050, tv_nsec: 816450870 }, 458, 393, 368, 64
SystemTime { tv_sec: 1668863057, tv_nsec: 313224594 }, 459, 394, 368, 64
SystemTime { tv_sec: 1668863060, tv_nsec: 513480416 }, 460, 395, 368, 64
SystemTime { tv_sec: 1668863062, tv_nsec: 477816491 }, 461, 396, 368, 64
SystemTime { tv_sec: 1668863068, tv_nsec: 315263617 }, 462, 397, 368, 64
SystemTime { tv_sec: 1668863070, tv_nsec: 522933267 }, 463, 398, 384, 64
SystemTime { tv_sec: 1668863073, tv_nsec: 479841807 }, 464, 399, 384, 64
SystemTime { tv_sec: 1668863076, tv_nsec: 731531002 }, 465, 400, 384, 64
SystemTime { tv_sec: 1668863079, tv_nsec: 616507057 }, 466, 401, 384, 64
SystemTime { tv_sec: 1668863082, tv_nsec: 890210835 }, 467, 402, 384, 64
SystemTime { tv_sec: 1668863086, tv_nsec: 157753991 }, 468, 403, 384, 64
SystemTime { tv_sec: 1668863089, tv_nsec: 255907918 }, 469, 404, 384, 64
SystemTime { tv_sec: 1668863092, tv_nsec: 498073535 }, 470, 405, 384, 64
SystemTime { tv_sec: 1668863095, tv_nsec: 740682506 }, 471, 406, 384, 64
SystemTime { tv_sec: 1668863098, tv_nsec: 860238151 }, 472, 407, 384, 64
SystemTime { tv_sec: 1668863102, tv_nsec: 14230459 }, 473, 408, 384, 64
SystemTime { tv_sec: 1668863108, tv_nsec: 517917353 }, 474, 409, 384, 64
SystemTime { tv_sec: 1668863111, tv_nsec: 684340482 }, 475, 410, 384, 64
SystemTime { tv_sec: 1668863113, tv_nsec: 678733017 }, 476, 411, 384, 64
SystemTime { tv_sec: 1668863119, tv_nsec: 372446529 }, 477, 412, 384, 64
SystemTime { tv_sec: 1668863121, tv_nsec: 707822261 }, 478, 413, 384, 64
SystemTime { tv_sec: 1668863124, tv_nsec: 634761411 }, 479, 414, 400, 64
SystemTime { tv_sec: 1668863127, tv_nsec: 669158334 }, 480, 415, 400, 64
